order,video_file,video_url,caption_file,cover_file,title,caption,pin,posted
1,01-rosa-R6.mp4,https://media.kolbo.ai/kolboai-media/uploaded-videos/6994bb8944a68dccba5f3c2f/6ac34f7c4d08b9a58f4238cd/1791204346100-01-rosa-R6.mp4,captions/01-R6.txt,covers/01-R6.jpg,What I eat in a day at 94 (silent b-roll),Not advice. Just my plate. Giulia says people want to know 🍅 #whatieatinaday #healthyaging #nonna #mediterraneandiet,,
2,02-rosa-R8.mp4,https://media.kolbo.ai/kolboai-media/uploaded-videos/6994bb8944a68dccba5f3c2f/6ac34f7c4d08b9a58f4238cd/1791204355800-02-rosa-R8.mp4,captions/02-R8.txt,covers/02-R8.jpg,Riposo: you call it lazy,40 minutes. Not three hours. I'm not a cat. 😴 #riposo #healthyaging #nonna #slowliving,,
3,03-rosa-R9.mp4,https://media.kolbo.ai/kolboai-media/uploaded-videos/6994bb8944a68dccba5f3c2f/6ac34f7c4d08b9a58f4238cd/1791204364388-03-rosa-R9.mp4,captions/03-R9.txt,covers/03-R9.jpg,Things I never do at 94 (part two),"Part two. Concetta, if you're watching, I'm sorry. I'm not sorry. 🍋 #healthyaging #nonna #oldways #sicily",,
4,04-rosa-R5.mp4,https://media.kolbo.ai/kolboai-media/uploaded-videos/6994bb8944a68dccba5f3c2f/6ac34f7c4d08b9a58f4238cd/1791204372368-04-rosa-R5.mp4,captions/04-R5.txt,covers/04-R5.jpg,Red flags in your morning,Two red flags and one green one. Which one are you? 🚩🍋 #morningroutine #healthyaging #nonna,,
5,05-rosa-R10.mp4,https://media.kolbo.ai/kolboai-media/uploaded-videos/6994bb8944a68dccba5f3c2f/6ac34f7c4d08b9a58f4238cd/1791204382659-05-rosa-R10.mp4,captions/05-R10.txt,covers/05-R10.jpg,"Swim with Rosa (episode 2, windy day)","Brave is not the same as clever. 🌊 Calm days only, and never alone. #seaswimming #watersafety #healthyaging #nonna",,
6,06-rosa-R4.mp4,https://media.kolbo.ai/kolboai-media/uploaded-videos/6994bb8944a68dccba5f3c2f/6ac34f7c4d08b9a58f4238cd/1791204393878-06-rosa-R4.mp4,captions/06-R4.txt,covers/06-R4.jpg,Thirty and tired every morning?,The window first. The telephone can wait. ☀️ #morningroutine #healthyaging #nonna #oldways,,
7,07-rosa-R7.mp4,https://media.kolbo.ai/kolboai-media/uploaded-videos/6994bb8944a68dccba5f3c2f/6ac34f7c4d08b9a58f4238cd/1791204401306-07-rosa-R7.mp4,captions/07-R7.txt,covers/07-R7.jpg,My husband bought me this with one fish,Sixty-nine years married. One fish. ❤️ #lovestory #nonna #sicily #grandmalove,,
8,08-rosa-R3.mp4,https://media.kolbo.ai/kolboai-media/uploaded-videos/6994bb8944a68dccba5f3c2f/6ac34f7c4d08b9a58f4238cd/1791204409040-08-rosa-R3.mp4,captions/08-R3.txt,covers/08-R3.jpg,My doctor is sixty years younger than me,I bring him lemons. He brings me papers. 🍋 #healthyaging #nonna #longevity #sicily,yes,
9,09-rosa-R1.mp4,https://media.kolbo.ai/kolboai-media/uploaded-videos/6994bb8944a68dccba5f3c2f/6ac34f7c4d08b9a58f4238cd/1791204417818-09-rosa-R1.mp4,captions/09-R1.txt,covers/09-R1.jpg,Things I never do at 94 (part one),Giulia says I must post. Fine. Part one 🍋 #healthyaging #nonna #morningroutine #sicily #oldways,yes,
10,10-rosa-R2.mp4,https://media.kolbo.ai/kolboai-media/uploaded-videos/6994bb8944a68dccba5f3c2f/6ac34f7c4d08b9a58f4238cd/1791204425171-10-rosa-R2.mp4,captions/10-R2.txt,covers/10-R2.jpg,Swim with Rosa (episode 1),"85 years of mornings. Still cold. Still going. 🌊 (Only swim where it's safe, and never alone.) #seaswimming #healthyaging #nonna #morningroutine",yes,
