order,video_file,caption_file,cover_file,title,caption,pin,posted
1,01-ray-Y10.mp4,captions/01-Y10.txt,covers/01-Y10.jpg,Sunday Sums (silent b-roll),Fifteen minutes a week. Forty-three years. 📓☕ #sundayreset #budgeting #frugalliving #moneyhabits,,
2,02-ray-Y9.mp4,captions/02-Y9.txt,covers/02-Y9.jpg,Ray's Rules (part two),I am the warranty. 🔧 #frugalliving #moneyhabits #savingmoney #budgeting,,
3,03-ray-Y3.mp4,captions/03-Y3.txt,covers/03-Y3.jpg,You lot call it loud budgeting,No is free. 🔧 #loudbudgeting #frugalliving #moneytips #savingmoney,,
4,04-ray-Y6.mp4,captions/04-Y6.txt,covers/04-Y6.jpg,My van is twenty-two years old,"191,000 miles. Zero payments. 🚐 #frugalliving #debtfree #savingmoney #moneytips",,
5,05-ray-Y5.mp4,captions/05-Y5.txt,covers/05-Y5.jpg,"The Notebook (episode 1, March 1987)",Forty-one notebooks since 1983. This is episode one. 📓 #frugalliving #moneyhabits #spendingtracker #budgeting,,
6,06-ray-Y8.mp4,captions/06-Y8.txt,covers/06-Y8.jpg,Twenty-five and skint,Ten pence notebook. Best money I ever spent. 📓 #moneytips #budgeting #frugalliving #savingmoney,,
7,07-ray-Y4.mp4,captions/07-Y4.txt,covers/07-Y4.jpg,How I paid off my house at forty-one,Kelly asked. I answered. Boring works. 🏠 #debtfree #frugalliving #moneyhabits #mortgagefree,yes,
8,08-ray-Y7.mp4,captions/08-Y7.txt,covers/08-Y7.jpg,The richest man on my street,You'd never guess. That's the point. 🧢 #richisquiet #frugalliving #quietluxury #moneyhabits,yes,
9,09-ray-Y2.mp4,captions/09-Y2.txt,covers/09-Y2.jpg,"Ray's Rules, things I've never paid for (part one)",Seventy-one years. One bucket. 🪣 #frugalliving #moneyhabits #savingmoney #budgeting,,
10,10-ray-Y1.mp4,captions/10-Y1.txt,covers/10-Y1.jpg,Red flags your money's got a leak,Forty-six years fixing leaks. The money ones are the same. 🔧 #frugalliving #moneytips #budgeting #savingmoney,yes,
