000	1uot9k9WkPggtQ5X_wPp079AGWJ7Mflur	0
001	1S7cFkUqBdtikmW_9ayM2ZKr3vX-a2f4z	97
002	1PDZDwwCpk828ig9AujR7SZUu2vz6VPNh	73
003	1REocmIf44p7VMY6hdXKUNsZhLLpTTIb5	17
004	1IbQ174F7aLIm0qjX2PG6WKfxWu_XqBEg	19
005	1KSzHk79bDJMg0cchfRh2mEBcAiEvY5TM	65
006	1oWlzakgd2-jKvqu14NPA-bnw9VEo42Y1	70
007	1aluNDwEg9OSvXU5fkHz5E9LbbClS5mht	69
008	1dUrwORocyOsX7pJjmW7hp2Rfj0AYiIk8	53
009	152vmMLek-L5NSGzJzlPla6QrGsmjDfMf	59
010	16Qf6pCv78UwB_sp-034zO3Vjx_LGlw5H	58
011	1pKfbihOVmSoCZs8DqCqQLiM5Pa0Hp7Yb	59
012	1UApUqkQLu4S6fqX9gjEsg1gAJshITosm	41
013	1rnJFk3a_a0PDQy9SnTXhnsdETEe8WdrE	43
014	1H9hWMhEAf2_YB3q52-FgdCoV-eaQ0T6K	14
015	150QsbKu8N8DZSU4gJMZsvODza0vfKwdj	15
016	1Djy1jJyVAQ5xrV3o-abD8SA6Hsk7u-y6	20
017	1Pe-88ou4wRV3BCBzsIFEptGZbR-_3fG2	38
018	1ywTwLleSSQx9ShL5oeXbv8Tc0g0jVdDQ	6
019	1sYkU6n92VKHU5I2w9frF5yk4Awx4r68V	5
020	18kCA-subm01dJVuO1R4lNawGL-jz_-qh	22
021	1yp9MD4cuiaBB-Dpm-cZGgwRoU3blW4ym	32
022	1VasGk216ogeV1Ww1bd9kDqjkgcbIDV6Y	37
023	1yoJrCrl40hIMQAXvy0ld6R2c75nMsPnw	50
024	1QXc9bK78xQn2ojQglm0TeN0PT91W1AhL	72
025	18Oc9WbE4GlgzwJ52orpZXU2MY4sD-Ynu	75
026	1j62Y8yucwFs1EwJRlpuR-GnWTbf8RkU5	67
027	1nywmrYT32BQk-PWoAkS92EqLaLcrZYzu	43
028	1egjd03rNluGgWIiytH_UqLO6jgXZ-xlG	87
029	1ZuBIiIL1eJ27YBFcgDKdsV7WLfsCpMEt	49
030	1EHMipteT6WJw208GAA79dj9HRba_YORw	70
031	1phUNq9OlEXWNYj0lV-HdXMHxDzgP4Lv-	66
032	1QMbXjiibRMhIrDEek0oMDGzSrbnKuIkL	81
033	1QWD5yx6NZVCb_ixjyAGjdkwodsuFbOvf	83
034	1iZe6sYobmffY0okC--FIFCa8x-Iz9g--	91
035	1sJerjnCd4VUqBN8vMu30DWJO8l98XDqd	75
036	19fMeJ3SEsDqQWBzIl48DiDTho7BgiL43	70
037	1OUNWJTWRSJtO4f4Iw5qxB9NZUaOPpmJj	72
038	1vRDJZ_zNIOBDZ2vXOQg3Y1ke8QYsvvSh	94
039	11JEZvmFRRULVWaDfLmiVPNajqO0Zbmtv	105
040	1BwDpNvMBvbtc-FtO7Rz9B08mQP1LsZIQ	23
041	1UDWJfOVWwgDaTyaM3G-NhqR9_eoYU2O4	73
042	1Ehrznpx8kit1JiFzsPqL-edoEaP2frRE	92
043	1gmcX3X3bfv1Elda274DM0dZLcxTONYbN	92
044	1YQ-LsjEUTrHWVwir_CCEMFjJ5p81sW99	70
045	1gjRRhg9MsroHtizWWER7kgX2M98f88ZO	92
046	1nWlEICKsshytnUpQSR7LAmQ4XCIutaBv	79
047	1KeDXhEIheEN2RP1tOcP1BE2LWFazVaBQ	96
048	1PfQHTcfiZmBPsLiP38kFIy4zUud7YyIN	58
049	1Cnh7WOa0MjChrzgawJUQpsEoz7JqnAdc	37
050	1UR5flkHLuKFqy5BC9U02YWaiYJuxtoik	46
051	1pwKpvpZpzeOJ8MQ6GIiUOWYE2OmvFSWz	59
052	1ZNI2jzmxPks4pgwBTLvoCxFAy7fFO46Y	82
053	1IzZcRwRfdkHNg__36AFXUYbvydgJZ6cS	96
054	154q-SrfRsjOFWQAnoW2q4Vb_HZReDTpu	102
055	1_RtlgoUjqN3asPzlcDbgM9EAQbnnoTug	98
056	1FNFjvEL_kM_kXz6m2vz3Jt2roh12tDfW	79
057	1cSTh6DsDpbb7XEZMzqLjj9fE98cw56to	69
058	1ohsCf4HWn8yheeb9IF6LzXk474WJnYgk	52
059	1X9ei1nA48HewEGGwOTfDScN5ON6tBC80	69
060	1eZnmHN7HUzpt1gI77AMwVZ9-ZKW9htcc	94
061	1WxC78cfq3WZmPdejHpd6WuKEUy5OyY5t	71
062	1pJsJ_7fCu4dYdn6HNpnQqCuAKlYYbMmI	42
063	1-iQLeV-iR4U2MlzUI-ercx5YDrXBfG-1	59
064	1qUiGYelw3lGwMyLuEwS7Px_WjuE9n6GO	80
065	1UuY4_DipT-dm5_9AgNvCEvFYWP46ALH6	81
066	1Lk5DN4HtxDNGGFkdkRYSViZgofXiyWU1	96
067	1Ad2-YTtsLCGpQekQmA1mMszINdkCZ045	97
068	1kWiamknukn0SjMzg8tdSSXIxFmVuMp2x	99
069	1inEftSarLfc0daHGmGgefQq5PvDrC-j_	102
070	1950nTPT9MffvgF95ZyRoxUi3WzpDQXjx	87
071	1GctXahb43BVso163cI4xhSuJLG8uxqrm	46
072	11eg43fjQogpMpx_wE4ngAUnm2buJK5pl	103
073	10fdJCtjBRAJ3mkZb-yhr34Xx_v3Yno5Z	103
074	18m3peeJXvZMdFInZNfUz7OWxmFd63m9j	84
075	MOON	0
076	1ES-OsukKiWMG-Zs11ut5bxGTUp3pA54S	96
077	1QIdcRaFhkVuh-6d_wTIEXe_a8azqbNx4	92
078	1KdJsR5fxlzjEf9iVg6QRRk3WNllpfnyO	105
079	13evxH4TBDjVTy7t5oqdwyxRfOi8BYDfD	95
080	1CzMOoocOdPTdpQsR9e__9mbomxWRtjN7	85
081	1PyhKdGyKKgpHOkY3HCRUtJJhY687sQXs	88
082	1fkUzdHt646IyQFy6Rv7zPSDaRaV9vxhO	92
083	1zv12xHePxOGSBDZxie0ebBXWONiwLxG4	96
084	1Y3ZRWCFif0J1YAdH0AWSMHYXvmEqB-z_	91
085	1tQa1Fy8nsImw0VuQe0tjMdhEL6VPmB0L	90
086	1rO3FO1hri8ZAM7XVs0a6gwZl6ltt3oz0	90
087	1qL8Pvii-i-jEL3AXE5PVFfgYzdc-P1RU	98
088	19Qi1wbw1t8YkvfmFZiqVDOWkgWJw58U3	84
089	1KGQGYXpAd7q6btCa_lK3LzOqDPiVwuAr	22
090	1qEKDVsflaz6mQF5S20Pzm5BRRQwmKxGn	94
091	1iKKVvg-R7ylgegR9c5VByyEp6xq2jDU6	88
092	1XJsWgLy9npufEkcULqAMq8emYcCBRZcG	91
093	1KRi_ufaU51ugNP25HLLCTlqIWrIXLyat	100
094	18qSs2M6-5pL1LBquM3qtQXoeU0_ahZvr	90
095	1QR8SzxX7C5WU8U6G70EnbTc7kSZnf7gz	92
096	1iAl4Nk1xhVoCelJSKQnyhkyMj4pdLU_R	49
097	12JVA2BjTGTCdTUr_oY5lG_sjJ5y2Kinf	69
098	1TKgYlZ0QBUS7Ijxe-rLmVkTnzu2xqCdb	101
099	1sfOpXEmogsMqJt5rJW7dE-VxDdOyH-xX	105
100	1FGABz7ZdPo2puIjR2IuPUSedVjuW1dLY	105
101	1jCTChtOFYf-UhBRcRgMROmzwsAcIqfUL	100
102	1I_VsXGNMPQIbNLi87zlVT6SuzadmSR4t	106
103	1t38CufxEO4-x6EXWGDPVp6rgBXEq0ExB	108
104	1tv9SkD5atxd7rSOOsSTjQr2UZuNt9SHJ	111
105	19WQ1QWi-mciJbu9jR2-J-UFeNRL5fU2t	104
106	1Mc8rR_rtaV_ldwoBZvnXLLhsjUWszMYR	94
107	195ijQO-rJV1I9bK7-gABgJWwUfHKzuDe	80
108	10AdmQPkBmIZXdGWSzMwQMuBcBUe9OyZ1	109
109	1GkeatWJAI1q2awsS-uTGoekULcD0sohP	104
110	163_S6p-jUvXD1nz2wm1h2AV3kEqoyGeh	109
111	1apY3IcGc7SXbtOeH2ofm8nKFtUQNHBKZ	107
112	1AKbSvi1IwtvpHLDZrQIp--gbA3Eta4Ln	105
113	1G7avpHOc-GaKuua3RduR0DlsDl8yrHGP	96
114	17RfyBxCW6zOKymAUzAAkJwgBdLjQ10q2	114
115	1Udy97b83q75DJXHdnaf3Or-NZGNdM6VJ	110
116	1z3PlMp3_3N9lXYCEYC3axGU3O_APAQXt	122
117	1cx0gcdIK4aGqz_EKe9Rgzd6zHs5yW8wy	55
118	1aof53vniwtCFw2x4foyLXAMeisPngo1M	102
119	1Kn6enYQ8P9A7ENSZF_F0AibOd4y4JSYb	111
120	1MS97p41YxBWnhJtRjWPedH_WuCuDw3Tj	123
121	1GJRBBGxN9Etsq9e4x3wK4y6p6rh3qsOd	119
